Model,Disease,Best_Alpha,Best_Dropout,Best_Depth,Val_AUC,Test_AUC
MedSigLIP,Atelectasis,0.5,0.2,1,0.8842888550651108,0.7936077908986175
MedSigLIP,Cardiomegaly,1.5,0.5,2,0.8971312269819732,0.8256590088055995
MedSigLIP,Consolidation,1.5,0.5,1,0.9119080101344766,0.7891314352027853
MedSigLIP,Edema,1.0,0.5,2,0.9651711924439197,0.8683274903063563
MedSigLIP,Enlarged_Cardiomediastinum,1.5,0.5,2,0.8670090127855796,0.7615140415140416
MedSigLIP,Fracture,0.67,0.2,2,0.6724809978561684,0.6817151536394438
MedSigLIP,Lung_Lesion,0.67,0.2,2,0.8545102324657262,0.7262218706047819
MedSigLIP,Lung_Opacity,0.5,0.2,2,0.7871409028727769,0.7213813945553362
MedSigLIP,Pleural_Effusion,1.5,0.5,1,0.9526275115919629,0.9165208515602217
MedSigLIP,Pneumonia,0.67,0.2,2,0.7916902404526167,0.733045429754209
MedSigLIP,Pneumothorax,1.0,0.2,1,0.9075617283950618,0.9018008834522595
MedSigLIP,Pleural_Other,1.0,0.2,2,0.8938005390835579,0.8009595435684647
MedSigLIP,Support_Devices,1.0,0.5,2,0.9125622578859989,0.888902983789857
MedSigLIP,No_Finding,0.67,0.5,1,0.8845938656643617,0.8195176151761518
BioViL-T,Atelectasis,2.0,0.2,2,0.7821241332656856,0.6639544930875576
BioViL-T,Cardiomegaly,1.5,0.2,2,0.8361698003489049,0.7867041092797471
BioViL-T,Consolidation,0.67,0.2,1,0.8061781329175599,0.5999119630244703
BioViL-T,Edema,1.0,0.2,2,0.8929555293191657,0.7914844591999802
BioViL-T,Enlarged_Cardiomediastinum,0.67,0.2,2,0.7921819325089081,0.5929670329670329
BioViL-T,Fracture,0.5,0.5,1,0.7376729682323134,0.5725668886552167
BioViL-T,Lung_Lesion,1.0,0.2,1,0.6838366779256905,0.5557093881856541
BioViL-T,Lung_Opacity,1.5,0.2,2,0.6228758169934641,0.5491457678340768
BioViL-T,Pleural_Effusion,2.0,0.2,1,0.8377279752704792,0.7766729479327904
BioViL-T,Pneumonia,1.0,0.2,1,0.6450495049504951,0.5175022129234731
BioViL-T,Pneumothorax,0.67,0.2,2,0.8009259259259259,0.6962962962962964
BioViL-T,Pleural_Other,1.0,0.2,2,0.8086253369272238,0.6150155601659751
BioViL-T,Support_Devices,0.5,0.5,2,0.815688987271721,0.6812881128639128
BioViL-T,No_Finding,0.67,0.2,2,0.7939990818580897,0.6877723577235773
EVA-X,Atelectasis,1.0,0.5,1,0.8666666666666666,0.7803229406682028
EVA-X,Cardiomegaly,1.0,0.2,1,0.8992634231440202,0.8359604312485889
EVA-X,Consolidation,0.67,0.5,1,0.9262327031767686,0.7503151323555893
EVA-X,Edema,2.0,0.2,1,0.973435655253837,0.879947474697422
EVA-X,Enlarged_Cardiomediastinum,1.0,0.2,2,0.8101027038356738,0.6278388278388278
EVA-X,Fracture,1.0,0.5,1,0.6752095108166049,0.6733496903843907
EVA-X,Lung_Lesion,2.0,0.5,1,0.8272402145837474,0.6642492967651195
EVA-X,Lung_Opacity,2.0,0.5,1,0.7713786289709683,0.7283858545977431
EVA-X,Pleural_Effusion,1.0,0.5,1,0.9497990726429676,0.9083383807793256
EVA-X,Pneumonia,1.0,0.2,2,0.7676449787835926,0.7038616632243412
EVA-X,Pneumothorax,0.5,0.2,1,0.894753086419753,0.9121304791029562
EVA-X,Pleural_Other,1.5,0.2,1,0.8649595687331537,0.7971343360995851
EVA-X,Support_Devices,0.67,0.2,1,0.8685666851134477,0.8282395368012831
EVA-X,No_Finding,0.67,0.2,1,0.8764955670960893,0.799550135501355
CheXFound,Atelectasis,1.0,0.5,1,0.8589717571452732,0.7564984158986174
CheXFound,Cardiomegaly,0.5,0.5,2,0.8999030819926342,0.8335403025513659
CheXFound,Consolidation,1.5,0.5,1,0.870882868836484,0.7876908301486625
CheXFound,Edema,1.0,0.2,2,0.9745507018234291,0.8529539288678567
CheXFound,Enlarged_Cardiomediastinum,1.0,0.5,2,0.8890169775728359,0.6775091575091575
CheXFound,Fracture,0.67,0.2,1,0.7170142272461508,0.6683257389881996
CheXFound,Lung_Lesion,1.5,0.2,2,0.8185475859328433,0.7467695147679325
CheXFound,Lung_Opacity,1.5,0.5,1,0.7787657698738409,0.6828739245936
CheXFound,Pleural_Effusion,0.5,0.5,1,0.9454095826893354,0.9181079929111425
CheXFound,Pneumonia,0.67,0.5,2,0.7824257425742575,0.6647175057893654
CheXFound,Pneumothorax,0.5,0.2,2,0.8924897119341564,0.8629289840299016
CheXFound,Pleural_Other,0.67,0.5,2,0.7706199460916442,0.7798884854771785
CheXFound,Support_Devices,2.0,0.5,2,0.854344216934145,0.8248054148582404
CheXFound,No_Finding,0.67,0.5,2,0.8768326973287809,0.8088509485094849
CheXagent,Atelectasis,1.5,0.5,1,0.9012514797902926,0.789530529953917
CheXagent,Cardiomegaly,0.67,0.2,1,0.9072300833494864,0.8532964551817566
CheXagent,Consolidation,1.0,0.2,2,0.9134671603975834,0.7931331159086817
CheXagent,Edema,2.0,0.2,2,0.9714023350386987,0.8828834409028407
CheXagent,Enlarged_Cardiomediastinum,0.67,0.5,2,0.8681618109411025,0.7549206349206349
CheXagent,Fracture,2.0,0.5,1,0.6562073669849932,0.8140904311251315
CheXagent,Lung_Lesion,0.67,0.5,1,0.8561494138684681,0.7887658227848101
CheXagent,Lung_Opacity,1.0,0.2,2,0.7981608147134823,0.7698666861641197
CheXagent,Pleural_Effusion,1.5,0.2,1,0.9602318392581144,0.9269522399443659
CheXagent,Pneumonia,0.67,0.2,1,0.8493635077793493,0.7840812567617105
CheXagent,Pneumothorax,2.0,0.5,1,0.9649691358024691,0.9235474006116209
CheXagent,Pleural_Other,1.0,0.2,1,0.8811320754716981,0.8408648858921162
CheXagent,Support_Devices,0.67,0.5,2,0.9310736026563364,0.9195110680209854
CheXagent,No_Finding,1.5,0.2,2,0.9010845551315526,0.8285745257452575
CXR_Foundation,Atelectasis,0.5,0.5,2,0.8891933028919331,0.7881264400921658
CXR_Foundation,Cardiomegaly,2.0,0.5,1,0.8903857336693157,0.8140311018288553
CXR_Foundation,Consolidation,1.0,0.2,1,0.8901773533424284,0.7965545529122232
CXR_Foundation,Edema,0.67,0.5,2,0.9652367834186015,0.8701113685071169
CXR_Foundation,Enlarged_Cardiomediastinum,0.67,0.5,1,0.8344162649339761,0.6897191697191697
CXR_Foundation,Fracture,1.0,0.5,1,0.6489962970181251,0.7079331697628227
CXR_Foundation,Lung_Lesion,1.0,0.5,1,0.8391118617126962,0.7507032348804501
CXR_Foundation,Lung_Opacity,1.5,0.5,1,0.7746922024623804,0.7441154249226195
CXR_Foundation,Pleural_Effusion,0.67,0.5,1,0.9494281298299845,0.916072189694237
CXR_Foundation,Pneumonia,2.0,0.2,1,0.7904172560113154,0.7238450327691497
CXR_Foundation,Pneumothorax,0.5,0.5,1,0.899022633744856,0.8448521916411825
CXR_Foundation,Pleural_Other,2.0,0.2,1,0.828032345013477,0.8241377074688796
CXR_Foundation,Support_Devices,0.67,0.5,1,0.8802988378527946,0.8714696048494512
CXR_Foundation,No_Finding,0.5,0.2,2,0.8848018821909162,0.8125691056910569
Early_Fusion,Atelectasis,1.5,0.5,2,0.9016404532386266,0.7845982142857143
Early_Fusion,Cardiomegaly,0.67,0.5,2,0.9083930994378755,0.8441804018965907
Early_Fusion,Consolidation,0.67,0.5,2,0.8960241668290783,0.8089197462934432
Early_Fusion,Edema,0.67,0.2,1,0.9748786566968385,0.877048672621186
Early_Fusion,Enlarged_Cardiomediastinum,0.5,0.2,2,0.8531754349193041,0.6698412698412698
Early_Fusion,Fracture,2.0,0.2,2,0.7171116741375949,0.8029676364061222
Early_Fusion,Lung_Lesion,1.5,0.2,2,0.8571925293065766,0.8047863924050633
Early_Fusion,Lung_Opacity,2.0,0.5,2,0.7949232406140752,0.758660524968926
Early_Fusion,Pleural_Effusion,2.0,0.5,1,0.960370942812983,0.9291562913610157
Early_Fusion,Pneumonia,1.5,0.2,1,0.8462517680339463,0.7675670359343008
Early_Fusion,Pneumothorax,1.0,0.5,1,0.9431584362139918,0.891471287801563
Early_Fusion,Pleural_Other,1.0,0.5,1,0.9018867924528302,0.8443010892116183
Early_Fusion,Support_Devices,1.5,0.2,2,0.9186496956281129,0.9110571477759758
Early_Fusion,No_Finding,2.0,0.2,2,0.8977491177230081,0.8249322493224933
